d0dcbcd6cd9243a38882210c6355078f.jpg,90
d11fa5b33bc942c0969bfdfd244c61c2.jpg,90
d15fe41458c144799c8861d053c5b5f1.jpg,90
d204aa4bf48a4c0885b73a5da8847022.jpg,0
d36add8fc24744d086ce58eabad5d739.jpg,90
d3a855c97948435b9f3d2d140a941e66.jpg,0
d3c4aabff1d9469aaf289be7c9e73e54.jpg,0
d4203b5ea62745f09acb90c350215441.jpg,0
d48d8d25b9e848528a82239fea679b21.jpg,270
d4a9e58dfb5246c28cac7e5db06b5df1.jpg,90
d4dc8bc770ef4ef2abb377589c95914c.jpg,270
d4fd2544728740f7814b654becad86c0.jpg,0
d56d3e12129d43fda0f9fc53344d8b64.jpg,90
d57514065773488685add81e029a98bc.jpg,270
d5b20f9c6f7947b3b2af0590c28fba1f.jpg,90
d5b51a986b054e3fb968b1403ffb7dbc.jpg,0
d606797801b14366914f0cf138279191.jpg,270
d63db2f326884e71b5bb9258de79cf0b.jpg,270
d65f8181120342ae9e941e38f86af6f9.jpg,270
d69c9a30f2404e31a60a95b5383156bb.jpg,270
d6ca8b396f3e4d36bde90abc565f67bc.jpg,90
d73b268699074146a745d27731be8717.jpg,270
d7a310e08f084e7a9f7e6f2dbf3af1c4.jpg,270
d7c0c75738a740978a3800c0edb02aa6.jpg,180
d7e9e435dff14e06b1d774f0d46331b7.jpg,0
d7efb5b158204c56841beca427b6bb68.jpg,270
d8152340d67a491c864d838e09ad8a33.jpg,90
d838b9f0f44a41a68d4d11eb3dbf890b.jpg,270
d842b58571fe431d9ab0b7ae56b5a6f1.jpg,0
d85ccea458584c648405e23957f9117c.jpg,270
d85ce1f6527344589e46a0b9767e87aa.jpg,0
d89d9a08e95a4d7387504a3b427b9642.jpg,90
d8a0e51d2ab044ab9197caa665d33cb8.jpg,180
d8cd52a1f9dd4f79a64fd73a435a9f69.jpg,90
d8da74c9013b4377b0c65972162df629.jpg,270
d8e032abd8214f57974dcb8adbc6e819.jpg,90
d91067e10c214713b81a0cba1de399b2.jpg,90
d93e74bf413540cfb032cff035813f51.jpg,90
d953835eff30427c92e87a9dc6671cb6.jpg,270
d95b93e04e9d48d59cc4ff7d59fbefe8.jpg,270
d95d74d81197464b9d392c67bf2edfe6.jpg,90
d96b16b544cd412aac7909e99d9e1a57.jpg,0
d9a39afa99204098a3d021e18d28ceb6.jpg,180
d9ce94f3240140a0900fedd6b1eab5da.jpg,270
d9e4c04581eb4dcb982bd81a919d00d4.jpg,0
d9ee4de3d4c849b1bbea91882b59889c.jpg,270
da0fad35c9fd4689852869d056d428ba.jpg,180
da55e9b73cb742d096a9603c171da98b.jpg,0
da5d1a581d2e4d2c827d74faa39a1b56.jpg,0
da73a5d3c627482891a8dd80079eeb2c.jpg,180
da7d5b0a953e450d984e86909374b06b.jpg,0
da8b8829047845d79c6f650b72a1e145.jpg,0
da8bf1e66d634789a7cee6fb53afaa8f.jpg,0
dabffe5637544f86bafdc6b4600665e2.jpg,180
dadfb72747c840a9ad196d690329681c.jpg,180
daf1e005247c436ebaa32e669e039e2d.jpg,180
db26465ade214a1580d08f6ba61affde.jpg,270
db394bb84d8d43e8a92919988db28f31.jpg,180
db686f4e4a754e5aa43506172742f393.jpg,0
db97c7ed0c494922a51dc033c971da3b.jpg,270
dba778a62b574c8a9424c67607fe9059.jpg,90
dbda9023561a4a45a85a13b305dcda0f.jpg,0
dbf22dc90c224579841e14f899d0eaf0.jpg,270
dbf462244c3d4447891b124a6c45d72e.jpg,0
dc0832783a8f4f1dac7ca5c19a217bb5.jpg,90
dc0e5327d1714ce1ab44a4f1eaab82b8.jpg,90
dc1104025ff04d20bbf5de1e678ab124.jpg,180
dc1b1671d9f34d6cb79962bd07e9316a.jpg,180
dc21c11f06684c00932de9aa46b9b238.jpg,270
dc2d58c9fd0b4fcca9a1b4888acd2993.jpg,0
dc3167a6317345a2b26d261e816c638a.jpg,180
dc38f9865137440c9dbab95ea4a9df94.jpg,180
dc4c9812c8ae4fe8b318ac0869991af3.jpg,270
dcb61303368445b292e34436f935f1de.jpg,180
dccb42f146684506be40605e95de6d77.jpg,180
dcd3a5e5cba84424bb8da131a5ea3997.jpg,0
dce8f7e243c442d4a5579414024dfecf.jpg,0
dcf79949f1a349f8af764ab432e9ae7c.jpg,0
dcfaa293ed3c4b3088f21d324665aba8.jpg,180
dd4e7ece701145d289b32362a2edb738.jpg,90
dd5aef5fc22b48e082ec1382053d287f.jpg,180
dd6871adbedd4ac9a8887ce57e112a05.jpg,270
dd6a3adab8d84d30ab23e84667184b2c.jpg,270
dd6f63a9ebac4f0ab721a6373e06a811.jpg,0
dd74ba92b0894e04b15249e019914d4d.jpg,180
ddc34993084e411bbb8a6ac4adfe8976.jpg,90
ddc3cd8a6f5647f995ebfeaf3c331c13.jpg,180
ddcb357869cb426da2d2d215b2f053ed.jpg,0
ddcd7f2eb30648a38a582172100c4989.jpg,0
de0350755b474b7dbbb653672ac29720.jpg,270
de0502470bdc41baa9c64a79d8c841ae.jpg,0
de29e04ee2b44adb997478493e8051cf.jpg,0
de6e69db1cfc4151802297c135ef6a93.jpg,270
de72fe41a01a4fa78161eb6100c50c00.jpg,270
de99d806912440f49e749f262626a0a0.jpg,0
ded733b10d244995acfe2664209972d8.jpg,270
def14159212f4defb7ca2f9e1b074cad.jpg,90
df0c2d65fb814d788de45a720a3817c2.jpg,270
df0c830b1bea46caa6824323cec76760.jpg,270
df207f03f2014624ba6bd54f1287ce60.jpg,90
df266b2ae5e64cfda8af2e6efd380448.jpg,180
df6a270859364811b35f478983541a0a.jpg,0
df78dbbafdf240ac9d13b45d7f6352d0.jpg,270
df877c6119b342168c7b6a3ccd6fca1b.jpg,270
df92351c06224af0ae24e4d7ced812da.jpg,180
df9764fe0c584d058ae7f821151cee06.jpg,180
dfadc4d74fd44c4a98536d120b279d8c.jpg,270
dfbd278b22a6461b99eeb25ba95c15d0.jpg,90
dfc3f5d6e4ba49c598dc9b99d5855cff.jpg,270
dfcf796fd6044425a2a8f327640d6228.jpg,90
e001dee271364a6c9c2ba1b79b1dc22e.jpg,270
e013bf23f25e403e8c4b311d6d1822ca.jpg,180
e01d62cd4e87493eb035dfe645d7bff3.jpg,0
e0403099042547c8a55ae0f373ab202b.jpg,0
e04048eb66b84b56a9624cb7649ebba3.jpg,90
e0479cd5a3be4ab4aa5884a791d9c1da.jpg,270
e08b0202db514c32874d3abe8f7d25df.jpg,0
e08d56c109bd4f418314f0da846b1a77.jpg,90
e0969e3fcebd43db85ed36c43bf54e54.jpg,90
e0989035e3444ddcae170bf350788ca8.jpg,0
e0a0d4e947c84b3d9cd3780509e1ba32.jpg,0
e0ae964b90e24fd792abf74f1503c304.jpg,0
e0bb5f8848b34e199caf584ea2218fd2.jpg,0
e0c19bbc74564841b452c7fd6517bf51.jpg,90
e0cc064f157c4080bf1b94a4610e3172.jpg,180
e0dfbaa0bf844544973e86dd563e0026.jpg,90
e13181f5568e43e496219f0df68f1e4b.jpg,0
e13e455c79814592ab0e9834413659f2.jpg,180
e1664068c27049b58457c9892eb205a9.jpg,90
e166f7be29a4453aba49f23ff7a3e537.jpg,0
e1b553b6e7d24286960c4ba5cb9dd685.jpg,270
e1f7dbd9b4414e32b8bf766e84fadd90.jpg,0
e1f8dc6cd4934fe3881458d075ccc505.jpg,90
e202afcd00f14f0aa3b487d2727b00cd.jpg,0
e2183fbae6334f9fae82e927f61ed5ad.jpg,270
e22130ec236c4ebeb46bde9c101ce1c8.jpg,90
e22da568f32f488fb043f93514622ba5.jpg,180
e23c143f94584e6180b8dec6d88b5c20.jpg,270
e254ae02aca54a77a95ea2443849edc7.jpg,90
e2555b24856345ce97ff60d939ecf85c.jpg,90
e276d942803e4af48ff209b87a722dfb.jpg,0
e2881b9567b849dd8fbe2c79e438e9d9.jpg,180
e2b916687c2f4295a413aba3979cd135.jpg,270
e2fd67460a894b1fac051ba517a442c1.jpg,180
e30ac992488146b5a9435bdaf4dbd856.jpg,90
e3206e2917f44ec8b468e58d514201b5.jpg,270
e329375fad7c464eb3d5df5c29864ace.jpg,90
e34ea5f5e333463280cef8a4a3e29cc2.jpg,180
e362b469eddd42caa00f8e77a355eb08.jpg,0
e36e4d8dd56c4e7cb877f73810b04bc4.jpg,270
e376982d1c204fc7832a5a2a2d7f0ed6.jpg,0
e38903e4f41244bd9aad75d087194dc7.jpg,270
e399a931a4414398aa655175106bcf27.jpg,270
e3c18c7c41284550b6698e2f96389f0d.jpg,180
e3c3f462151b48889980141caaecfb49.jpg,0
e3c69330b35c45bbb8bbf2a85b32e20d.jpg,90
e3dcab710030414d8de6e11becc98507.jpg,180
e3e23c84203c47d480563de33e61dac8.jpg,180
e3e69049001a44fda5e10eac4d0bd4f8.jpg,270
e41fac6097984cefa38ac16fce623f60.jpg,270
e4275a8e75b34ebebd7dcca0dde6bff5.jpg,90
e4351e95dbc74ff0abf0be5e5194e7dd.jpg,270
e4626de9eb0142caae173835917f1fb4.jpg,270
e485371b653547ab86975faadae42754.jpg,270
e485deaffcfc4533806056a3c03a143a.jpg,270
e48899b206d94b8da86428c14ef429e0.jpg,270
e4994b8320dd41c78acae482a75b26ec.jpg,180
e4ac784b03634e7f87172c40dae094b8.jpg,0
e4b4c7d954734c14b2eae04d2d8580f6.jpg,180
e4c7fc3fe5a34333a767c698fd80af35.jpg,270
e4ce3c4f761449259959a7cbf7e16ece.jpg,180
e508f912d5e54a6db906daa780dc6f55.jpg,0
e513ac6cb0e842a18d0a36d959fa9180.jpg,270
e531019c33f34ac083238db5b96b7e61.jpg,90
e544def82e974e7f955853b98c50423c.jpg,270
e54f2531955247ffbbe6a98d5976a722.jpg,90
e5536e3095ca4abdaf1ad90ddb76da3c.jpg,270
e57f4dc31acb42508d9901264fa34413.jpg,0
e581c7dc648044dfb546e1e57c9f99c7.jpg,180
e591272519784023a36484d0969a4d38.jpg,270
e5c13d7e747441f4802f895e2093ac62.jpg,270
e5c3549e948f4d499f7867d47f3f4d0f.jpg,90
e5e5ce54f9ee4fbeb4044c5e9165f51b.jpg,90
e5e6ce27a89a4fb6a50162e252a365a6.jpg,90
e5eac03d140a4d3d9abb0998dfada56b.jpg,90
e5fbca9f2ad145e29f4c5be83e95c990.jpg,270
e63ea066202b426ea692bb446341bd4c.jpg,270
e655f425807947459839fb7c2a233c41.jpg,0
e65d219b78b14e33835a8193108482e8.jpg,90
e66a13b501694262bd2a250eb9d763df.jpg,0
e676d672f73b4ddc8efac41ae2c555cd.jpg,0
e67cd44beeb64eae817824027e4f67f2.jpg,270
e6a8945e807945ec86c9e4fef884a8df.jpg,90
e6b1e28585e04ae998188e06589a30c7.jpg,90
e6b4c3ddfb7e4264938e2265fef680f7.jpg,270
e6e6d5706585449995a4e5e84b4c6d0a.jpg,90
e7132c8c5f904bf39cf17c43e1ba9a2f.jpg,180
e739b246593c4b599230e70dbdac50da.jpg,270
e73dea3f275f47bfb3adb52e2e4dda51.jpg,90
e75077d347024961a3effe8d8355af3b.jpg,90
e778380ad955450b9516967fc2dfea98.jpg,180
e7a57a8523094f538afa67f2af64fa61.jpg,0
e7b472c5cb1f4d9da7ef4d976e18ca8f.jpg,90
e7bf7e7f619549a2a5d1b7df25a5c488.jpg,90
e7e5006ac2334c3a9f8a7717876a6973.jpg,90
e7ff9b45f6aa42d2ac5e03e83408ea2f.jpg,270
e864381b9ccd4f58a5895b948490b792.jpg,270
e86cafb953734d4bbc9f7c956f857f6d.jpg,0
e891cdee42e948b4be371e40108e8328.jpg,0
e89674bed7814460bd684def554369cf.jpg,270
e89f6ec466b340019ab286c1b4e4e2e3.jpg,270
e8ca29d6f8d94e5c9d34e05ef4f049ad.jpg,90
e8d46effafee4684964691a34a80eb94.jpg,270
e8de511688d2492b94afe0334ace25ac.jpg,270
e9117d42bffa4579a3429365ac9324e4.jpg,270
e917cf940f5b45498620137d0100b736.jpg,0
e934b50494ae4843acb528bb1366de62.jpg,180
e9587fb1a8914af2b8c3a21c4c89928a.jpg,180
e967921dc52c44fdb0314bacd980a343.jpg,270
e99ff47cd45b496b9f7fe92158e06b4a.jpg,90
e9a077b34088437a8b10d84cd5404838.jpg,90
e9aac895e46a4f42a802bad5a488388a.jpg,270
ea09f4864e3c475b9ccf88f0ced5ad68.jpg,270
ea0ccec1d7ee4e3fa7371fe76597e8dd.jpg,270
ea0d5380c5a34056a048aa2162e831d1.jpg,90
ea15d96f7ccb4e11901b29423ea80e54.jpg,180
ea188008f2374f5f8ced0e9607988525.jpg,180
ea1b0a5f09b0425f9d264ad4b05708a2.jpg,270
ea1dbd9525ad477fbe208858d7e55eca.jpg,180
ea28b55b1fad4eed8f64393761535318.jpg,180
ea3ddb34e87c4d6cb089d86ed6dd0a95.jpg,90
ea74e96968dd4ec1bd538368c269b99b.jpg,180
ea79f2bd1a474fd88402f9ee3844f4b8.jpg,90
ea7f226264914d57b4e2e6e8ef711df8.jpg,180
eaa96021aeea457db29e23e08364da5c.jpg,180
eaacbd0423ec4a38a839bf57ac75b55c.jpg,0
eaafe8762ae84f67a8a540dfcdc67d8e.jpg,270
ead962b8dcf74d6f91e4b043b7430a2d.jpg,180
eadf059fe3754c01b400f4d722b28064.jpg,90
eaede24bcfed449f99b116f95e99d881.jpg,270
eb07e7505c354b6fac24b8b07b5ddb40.jpg,90
eb3e9c040baf484c9930724a7e3bc0ee.jpg,90
eb4c07608cb94706ab646ea734e39c4e.jpg,0
eb55d3af27434b17a19c5bd894c7adad.jpg,90
eb73398605ec45efa3888d636ff8e91f.jpg,270
ebe5704060a047adb95cfb3f8ea7fa4e.jpg,180
ebe80013624c4de2a97873468376c1ff.jpg,270
ebeeb485cc4446108f0f84d2e2fd900f.jpg,90
ec058c1a96294a5dbaadff39c217c31a.jpg,180
ec07be1aa8c14b2a8962b372938cca7d.jpg,0
ec12c657bbd242eb8021565d566617c9.jpg,180
ec1a2152ee1f453a9832c0fa6ae9ac15.jpg,180
ec264958216343ba8d985f77dd225d6f.jpg,180
ec34f91de3cd4e31b8c3fe7f9d1d9951.jpg,270
ec3df557bd124698a75b11524aea5e79.jpg,90
ec3f05b5fc8b47d19eddc7de8b334c35.jpg,180
ec6cb9e8309343a69c50b89a16816de9.jpg,270
ec933ada0c4341a7907e91cb23eb549d.jpg,270
ecb26d06a15c47298bfa73e89ec6dfca.jpg,90
ecc08bebad97444c81ac37e9f715872b.jpg,270
eccf00aa4fc54f4cb912c6f4e4962f07.jpg,90
ecdc2fe508a54f9eafe7e926a6034537.jpg,180
ece0cd49c52542a6b1366bb2a9480f03.jpg,180
ed2b41dbfd9848b69c12fa4496a1d48a.jpg,90
ed4fcfe08de04ba18b41c7121ea8ec04.jpg,180
ed70b2f5a31446aaa9f5b4f0863c67ea.jpg,180
ed7e1f73c6864c3f87685b02e737e799.jpg,90
ed8ca5f99722417a9fcd9f36e4329c2d.jpg,270
ed9fb9710bb541c19d9d7a404f602d2f.jpg,180
edb8ffb10dd440bd9a03a23c6a4dc6af.jpg,180
edc64523bcdc47c6a4a3db0f5fac5085.jpg,270
edcdbc9a0eeb48a8b0975e8b50977473.jpg,270
edddea19ad0d4724aaad41cd4b6fd10d.jpg,90
ededc2c32c284771958f863ffb5a3e05.jpg,90
ee00be7d21eb493aba3b755d071bfb30.jpg,270
ee02f94487cb45d3b7fb2dd9ca27481f.jpg,90
ee0480e30c194b038f01644c8ce771ca.jpg,0
ee11b6fb195a4510a3458b4985422e80.jpg,270
ee22dd2d3ffc42d3af94d9180adc6213.jpg,270
ee3fbaf3520b461ba73c2772e1e04a27.jpg,0
ee5c7ffc3c534bb6899c12591b532bdb.jpg,180
ee6589eb431e450b8a301608def1d55b.jpg,0
ee7971453efb4d01902a097d9cd4635d.jpg,0
ee90eb767e8747f99d5573cd02b657f4.jpg,0
ee9b0bd57bd34dd99c6e93f440db4ff4.jpg,180
eea0875b19d347e7baa43786d49953e8.jpg,180
eeb5a11fe4a04048a2533a2f3eedcb06.jpg,90
eecdb475fd2d4dc1b3f1a0458f9b2d40.jpg,90
eed364c9975e4236ac0eb5efb61f40f0.jpg,0
eedab15645e74dd383eacb6e88051802.jpg,180
eedb24cad43c47f399dbae7b4ed9049e.jpg,180
eef3d36235244e1ebbe54abe5070ef16.jpg,90
eef7dec1d25b41bfa1ddfb0b60841d61.jpg,0
ef15292adccc4066bd730b56b5bee0e2.jpg,0
ef26a7fc934f49e4920d44efab17b746.jpg,90
ef448021f71b4fecad36cce3dce51179.jpg,180
ef6ebc97aa3a4562b177ba2fda58ce55.jpg,90
efe45b70a50a4aa699ee0746e883ddd4.jpg,90
effb490c02de436d8a03ce8e31098f7e.jpg,180
f04fa55b85404236a22759fe5b6aceab.jpg,180
f05e353afb354f05970eac8f08f86627.jpg,0
f06b51f1ce274bfcb5aed512498da7ea.jpg,90
f0b708fa6a5542109e785fa09fe56530.jpg,270
f0bcc4bd9b8c40eb840ac9c4c786d05d.jpg,270
f0c63cf31b3f4fa78fcdbccf3d2e369a.jpg,0
f0f2a99ee385467caf2279db3e8ffc83.jpg,90
f10ccfb9ef1f4b2eafe786e93ea57fad.jpg,0
f1102dcf06fb4a88a136f90f23f55f3d.jpg,90
f15e132de6b145908b9520ccd7c97814.jpg,0
f16aafb883414ac0b0ab211c90048206.jpg,90
f18833060d204be6b7d15c280e72d3e2.jpg,0
f1d01606bc0743a8ae10f72507f449df.jpg,270
f1de45c42ad34c59a8b3a25b3af7c6d5.jpg,0
f21f6af69e7d4d8987fc5db8128cdc99.jpg,90
f2207f0a774c4cb4a7018a7a2c682e31.jpg,0
f22a3e696c574b11b1ea843ea12cdad9.jpg,270
f238d6ed40054e43a93b3a1709ae119f.jpg,0
f24ff4b419b54a6d86ff12cccb2dfe98.jpg,270
f251a694372a49b1ac8f6c1143b9c865.jpg,270
f25692c9e6a848b0b55824ef514ac911.jpg,180
f25cef6b02934196b01fb0141b73b6eb.jpg,180
f26cbb42f36f477e9a4bfc80fe18f9ad.jpg,0
f272e6d3eaaa4ed3bc4b82fea8112b20.jpg,180
f27916fbcc554b43a357e0a28ea5957d.jpg,270
f2b4588026db4b079bca8d21359385c0.jpg,90
f2bce197b0e94ae6bcfb48d7d85de804.jpg,270
f2d43c46a4ca45f2b8ddd0b367460d8d.jpg,270
f2ec9d79f26342c8b8082ef75cc3e9c9.jpg,180
f3064d559b894651abd5d68d11ecb922.jpg,180
f309e9db9dfb414daee87bf72a9604c7.jpg,0
f334de8d781041a5878e88087764b2ef.jpg,180
f33c7e3de9e84c20b8070e828ba3e35c.jpg,90
f3423e841e6f4efeb53c80b22622f8de.jpg,180
f347018ff394462aa2e5122ad275fccc.jpg,270
f34d2961f9674531abad8d4a4d9a7e55.jpg,90
f3b0911590ef45838f546b640ef4b25e.jpg,0
f3c966d91d4c4060ba0d0a41b7877620.jpg,90
f432be67e44343c2830507824c2ffdfa.jpg,180
f45cf4a9cc7342639e945a36689660d2.jpg,0
f4679dceb85b429480d5c63f8eecb28f.jpg,180
f48b540febf74940b3c5765740ea8e8e.jpg,0
f4a41bdf59374540b46c8cdbe4e5e414.jpg,0
f4b094a767ba42e38fb48af6ccab36e4.jpg,90
f4b7e871ebd84b1f87b246cdd0a2fb7c.jpg,0
f4b80f5774a449a09dc7714c2f760d9b.jpg,270
f4bc6ab1ee8a4d7c9e2b82ab6fffce22.jpg,270
f4c5056df0394197ae50ddebd1016c69.jpg,270
f4cd1823ff354d00b94944db8c5ecd64.jpg,270
f4d447963011435db4f03f754367a457.jpg,90
f4d6928e606e40d9b3ce990c0d69ab5e.jpg,180
f4e355987fee4448b972f913644c1da0.jpg,0
f4e4591d415345b18f38aaac293e279f.jpg,270
f507f047e4594eb9a33c1b7be0b9fe22.jpg,180
f55782fd80864bff98485afa9e4c2747.jpg,180
f55e098d7fcb4c27be03d6f6b87d073a.jpg,90
f5635742c349454a8a951d2961e48291.jpg,90
f580b5bac0b649c48a1967d977fd1b71.jpg,90
f58a0e59e8b74ff5b77fb3ae012ab783.jpg,0
f59bff2265f344bc8a1f1a0a8bf54c00.jpg,180
f5a6219a77d7432a963f6224ac568c1b.jpg,0
f5d7858795c24cdeb45bc08aa1149d18.jpg,270
f5d9ab2ab0a14ca3b3453fd1c7584660.jpg,270
f5fd8162221243ddb7d93010467b6aab.jpg,180
f5fefc13dbe9452a90636198b9dbb449.jpg,180
f6140af052834bfba33292ef634b9c2b.jpg,90
f625c26cf4aa41a7b0297816d919671f.jpg,180
f62a8db4827f4f9c80027f51765314e2.jpg,270
f63ffe7932f043a79b63bc9821041c72.jpg,90
f64167e615ce49d1aab2868707430b91.jpg,180
f643fc564c644ed2b3136407f94e8ff4.jpg,90
f682a0412bb64f24b8d161ca28e557b7.jpg,90
f6841dae218248cda899572f42d21265.jpg,270
f693c5997844485b9f1495d776c6cb38.jpg,270
f69b62c876b0497aac088838044b2394.jpg,90
f6a54a3926644aa488defa05ce9d65ab.jpg,90
f6bdb4895b1744f6b9d16d7cbfa276a0.jpg,180
f6cb037127e94232a76990a2d5f62d68.jpg,0
f6e9d72e777e416e999faa9a52d2e99f.jpg,0
f6efc99169894557b027ff50713d1f11.jpg,0
f72faaa83ef44a8abf8a95310a0a5bb1.jpg,180
f7530e5ea6ef41eeb3a060efe967d384.jpg,90
f76901bb383d4140900e1261723b29ba.jpg,180
f78f01f04ef74031afe2909e1afa7e8c.jpg,0
f7a8e2134962468db87a26168a94b80d.jpg,270
f7b588b463bf4e0683c355d19b915eb8.jpg,270
f7bb38564ccc42a892cb5211b3e2b5b6.jpg,90
f7c204768c3c4ec09ce61ef4a24fb1ab.jpg,0
f7d3685f8f75484faf4fcf642c3fd9df.jpg,270
f7dbcd70a6784627a38a2a6dd55d90a6.jpg,0
f7dc030a45134b58b36de20ec14869a5.jpg,90
f7f584703b6b43d6afbab09ba095e455.jpg,0
f7fedd4917d248b0bf00215f2231c8ad.jpg,90
f80eadeb704f43788667eabe0edd3848.jpg,270
f81ba5f0d6b4428ca7e2b87b4b0a551c.jpg,90
f81cdaac414b47c88041bbc63f1d861d.jpg,270
f831115d03fe42579b6d5bd9386e14ce.jpg,270
f84f68a0ccb040608ee164dc03f87d8f.jpg,180
f86b9812f583413bb457a8e68e40e6d2.jpg,180
f887c32b8f214bfc8b72fb86454b50d8.jpg,270
f88de4e2b8be4d2db29b8a88879e51c8.jpg,270
f8a0a53fc73b4b6283ecea1f7e3c3baa.jpg,90
f8c391ba26ff40a798362db1abda52cc.jpg,0
f8c4b05570f746b5b5cc6dd88ee0055b.jpg,270
f8e3c487a88c46dc8c6bdffd6a353354.jpg,270
f8eaa48bfd044816aeeaed56d7b4ac2b.jpg,180
f9176580ea7a4cb7914b7def8e7f510d.jpg,0
f921352a3e4e4e48b1614623f431b507.jpg,180
f957e5d52fee4a4ca4f409cb1e1ba762.jpg,270
f9983ab286bb4b0c96e5b41c28e2722e.jpg,90
f9afc70f88d74cceaf8c874bd0966973.jpg,270
f9bc6ad723594ed483f4720b815865be.jpg,180
f9def8fdf5e141a8be2fa56b163bb94a.jpg,270
f9e28ea639984b4c8ea0294eb53f07c1.jpg,180
f9efe5740cc04fd38a3a6356da26d725.jpg,90
f9fe2d20b74f4253a1f07e25f143193f.jpg,270
fa32bfb164f647a0af132a1367008cd9.jpg,180
fa4559a17e0d4e7db4d27cac0c10a6e3.jpg,180
fa4979ff0e3d467a80657279952bbf32.jpg,0
fa7944d29f424563a18c5484ec084ddc.jpg,90
fa8f95689b8c4b29b45376a9728ecab0.jpg,270
fa9272419eb7435289fa8e836f6762d3.jpg,180
fa9a2815b09249c49558c942a4b1abfa.jpg,270
fae22fb202554c3c921a0576fa33ca22.jpg,0
faf97f3f9b2f42169e6ffb5b6961d365.jpg,270
fafb9614249e4673aff02b8fdd3b0930.jpg,0
fb1d39ca40c040a2a7ac9dd2e64516e9.jpg,90
fb22cda7ecdb468cb7f082f81edb4112.jpg,270
fb2e05402d5a432ea7df116a9eba82d7.jpg,0
fb40252867ff496d8fccd383804f90ba.jpg,180
fb44b987fa844bdf92a923eefa1c31a5.jpg,0
fb45aee716c54575844b0f3a8f457b62.jpg,90
fb47a2259bbf4b24b42c127c4abb6074.jpg,0
fb55358da02946a8b69502fc626a1108.jpg,180
fb5987741820466396d873b20e4b01d1.jpg,0
fb6b5bc78e32428dae2bd2af1b46ef98.jpg,90
fb77dc8b33ad4c8c84b67136169afc69.jpg,0
fb84e48849864fa596d275b60ae01d23.jpg,0
fb8fa83d92d042a1adae47c54b1ad0ee.jpg,180
fbae427fb9804b72bbc4110cd93878c8.jpg,90
fbdc47583650448c9e5197d39ce06982.jpg,0
fbfe3c71c79b4965959e7fe3ce3184f3.jpg,90
fc011a6b4bc14f2eb5c2508a705aea79.jpg,90
fc0c8443104248cba050604e7521ad2b.jpg,270
fc1dc896f95c4b72b677295e82dd7b20.jpg,270
fc22b82dfc85407bba41d47b9c08cc0a.jpg,180
fc3465d0fe4a40b284b643decdc77de3.jpg,0
fc49c359a0f142a2b4ae1b4fea1852fe.jpg,180
fc648da71a714fc2aa9cbe164fb913a4.jpg,90
fc864ee3078d4cf7be718c6578adef58.jpg,180
fcdd174779cc4228ad1345632592dd11.jpg,180
fd014ef4e53b457ab6123b9689e3ad96.jpg,0
fd061b90a32a4acc8c42158886584e69.jpg,90
fd10d1191e084a748f9d118c04f4ffe4.jpg,270
fd20c2b90e174723bc5883b2913d6fcc.jpg,180
fd3ba24573044f69a02509ac805e1fb0.jpg,90
fd49a32aed7947fd9769acf3a7570ea4.jpg,90
fd542255ff6f4616be5b97420ff91e09.jpg,180
fd5fa799d47140a39ae44b48036ac5c8.jpg,0
fd606ff5cd424940a5bfdaffd98b29ea.jpg,90
fd77be0aa9d247f0bafe087a24a46465.jpg,180
fdc2f8f789a44768b651984e8042aedf.jpg,270
fdcc27b489e34272a68aa64c60622008.jpg,270
fe0a438aa1904a01980ae79d48b6f64e.jpg,0
fe0c3591f5e646f38079c0a2f53c6e8d.jpg,90
fe1f58d7bb744e91b3b1f95216042550.jpg,270
fe316a43723243a8941b329e014935d8.jpg,270
fe369b53b1814491b4bcb2834843d000.jpg,180
fe3fd9c6842b4d44aba93c6fc738a6cf.jpg,90
fe48911efb024e18bbdca8f6c8429998.jpg,180
fe6c70c1bbf24e339a41f8feb1e72613.jpg,270
fe719486eeb1427ebb340b545da3cb36.jpg,0
fe8749de47354775a259405ff0e7f365.jpg,90
fe87e1d819224df48a5825dea21c50a7.jpg,90
fe88b9b8fcdc46edace4eebc8e3a7deb.jpg,90
fe8cec203ab34553b085766046c796f7.jpg,0
fe8f7b2ddf624a0088177759f9422c1d.jpg,90
feb3a426a5b846e09998bb1a94e11cd4.jpg,180
feb7997d9bcb42749749a07691763ea8.jpg,180
fec106449dd24959a1d68efd5c6112d2.jpg,0
fecad4637fb14a4daa03b87ab9749fa8.jpg,270
fed5dfc232a6485b9a6fa0bc09d14363.jpg,0
fedf0ff8cf5c46a4a1e84b5f28bbe3a3.jpg,90
fef296ff36414375bb4a48116df12100.jpg,0
fef5cf4948684423add6ddb4032c24a3.jpg,270
ff1a5637db17423dba83962a93b4693d.jpg,180
ff1f05a2cf1d40858718cda2fb0fa565.jpg,90
ff37cff886154d1c8d00f67e5d225f3f.jpg,0
ff3988f354e64115b1e9da8d987cafe7.jpg,90
ff66641ee96242aebf370e6dabc04724.jpg,90
ff7f036f0c3d4feda57e1333e2e1f5fd.jpg,0
ff8b4548a1414ebab878cb9aefda5158.jpg,0
ff8d68c7e05043dea36adddf72ffcdfa.jpg,0
ffa10994b94547d79e5052b343512e50.jpg,180
ffacae8511474450a08b5eb86605aa30.jpg,180
ffb0a7da99054179ba5314a9eb4d5208.jpg,180
ffb1a8106ed44b9eba135f2bc1e8404d.jpg,180
ffdab2c071fe42dca972703dea07cedb.jpg,0
ffe4d4c260574e0a87017a0f64cdc5a3.jpg,90
ffffb2bffc9f44b99bdd93081ae7e032.jpg,270
